3m;MMM
abbott labs;ABT
abbvie;ABBV
abiomed;ABMD
accenture;ACN
activision blizzard;ATVI
adobe;ADBE
adp;ADP
advance auto parts;AAP
aflac;AFL
agilent technologies;A
aig;AIG
air products;APD
akamai;AKAM
alaska air;ALK
albemarle;ALB
alexandria re;ARE
align;ALGN
allegion plc;ALLE
alliant energy;LNT
allstate;ALL
alphabet a;GOOGL
alphabet c;GOOG
altria;MO
amazon.com;AMZN
amd;AMD
ameren;AEE
american airlines;AAL
american electric power;AEP
american express;AXP
american tower;AMT
american water works;AWK
ameriprise financial;AMP
amerisourcebergen;ABC
ametek;AME
amgen;AMGN
amphenol;APH
analog devices;ADI
ansys;ANSS
ao smith;AOS
aon;AON
apa corp;APA
apple;AAPL
applied materials;AMAT
aptiv;APTV
archer-daniels-midland;ADM
arista networks;ANET
arthur j gallagher;AJG
assurant;AIZ
at&t;T
atmos energy;ATO
autodesk;ADSK
autozone;AZO
avalonbay;AVB
avery dennison;AVY
baker hughes;BKR
ball;BALL
bank of america;BAC
bank of ny mellon;BK
bath & body works;BBWI
baxter;BAX
becton dickinson;BDX
berkshire hathaway b;BRK.B
best buy;BBY
bio-rad labs;BIO
bio-techne;TECH
biogen;BIIB
blackrock;BLK
boeing;BA
booking;BKNG
borgwarner;BWA
boston properties;BXP
boston scientific;BSX
bristol-myers squibb;BMY
broadcom;AVGO
broadridge;BR
brown forman;BF.B
brown&brown;BRO
cadence design;CDNS
caesars;CZR
camden property;CPT
campbell soup;CPB
capital one financial;COF
cardinal health;CAH
carmax;KMX
carnival corp;CCL
carrier global;CARR
catalent inc;CTLT
caterpillar;CAT
cboe global;CBOE
cbre a;CBRE
cdw corp;CDW
celanese;CE
centene;CNC
centerpoint energy;CNP
ceridian hcm;CDAY
cf industries;CF
ch robinson;CHRW
charles river laboratories;CRL
charles schwab;SCHW
charter communications;CHTR
chevron;CVX
chipotle mexican grill;CMG
chubb;CB
church&dwight;CHD
cigna;CI
cincinnati financial;CINF
cintas;CTAS
cisco;CSCO
citigroup;C
citizens financial group inc;CFG
clorox;CLX
cme group;CME
cms energy;CMS
coca-cola;KO
cognizant a;CTSH
colgate-palmolive;CL
comcast;CMCSA
comerica;CMA
conagra foods;CAG
conocophillips;COP
consolidated edison;ED
constellation brands a;STZ
constellation energy;CEG
cooper;COO
copart;CPRT
corning;GLW
corteva;CTVA
costco;COST
coterra energy;CTRA
crown castle;CCI
csx;CSX
cummins;CMI
cvs health corp;CVS
danaher;DHR
darden restaurants;DRI
davita;DVA
deere&company;DE
delta air lines;DAL
dentsply;XRAY
devon energy;DVN
dexcom;DXCM
diamondback;FANG
digital;DLR
discover;DFS
dish network;DISH
dollar general;DG
dollar tree;DLTR
dominion energy;D
domino?s pizza inc;DPZ
dover;DOV
dow;DOW
dr horton;DHI
dte energy;DTE
duke energy;DUK
dupont de nemours;DD
dxc technology;DXC
eastman chemical;EMN
eaton;ETN
ebay;EBAY
ecolab;ECL
edison;EIX
edwards lifesciences;EW
electronic arts;EA
elevance health;ELV
eli lilly;LLY
emerson;EMR
enphase;ENPH
entergy;ETR
eog resources;EOG
epam systems;EPAM
equifax;EFX
equinix;EQIX
equity residential;EQR
essex property;ESS
estee lauder;EL
etsy inc;ETSY
everest;RE
evergy;EVRG
eversource energy;ES
exelon;EXC
expedia;EXPE
expeditors washington;EXPD
extra space storage;EXR
exxon mobil;XOM
f5 networks;FFIV
factset research;FDS
fastenal;FAST
federal realty;FRT
fedex;FDX
fidelity national info;FIS
fifth third;FITB
first republic bank;FRC
firstenergy;FE
fiserv;FISV
fleetcor;FLT
fmc;FMC
ford motor;F
fortinet;FTNT
fortive;FTV
fortune brands;FBHS
fox corp a;FOXA
fox corp b;FOX
franklin resources;BEN
freeport-mcmoran;FCX
garmin;GRMN
gartner;IT
generac;GNRC
general dynamics;GD
general electric;GE
general mills;GIS
general motors;GM
genuine parts;GPC
gilead;GILD
global payments;GPN
globe life;GL
goldman sachs;GS
halliburton;HAL
hartford;HIG
hasbro;HAS
hca;HCA
healthpeak properties;PEAK
henry schein;HSIC
hershey co;HSY
hess;HES
hewlett packard;HPE
hilton worldwide;HLT
hologic;HOLX
home depot;HD
honeywell;HON
hormel foods;HRL
host hotels resorts;HST
howmet;HWM
hp inc;HPQ
humana;HUM
huntington bancshares;HBAN
huntington ingalls industries;HII
ibm;IBM
ice;ICE
idex;IEX
idexx labs;IDXX
iff;IFF
illinois tool works;ITW
illumina;ILMN
incyte;INCY
ingersoll rand;IR
intel;INTC
international paper;IP
intuit;INTU
intuitive surgical;ISRG
invesco;IVZ
ipg;IPG
ipg photonics;IPGP
iqvia holdings;IQV
iron mountain;IRM
j&j;JNJ
jack henry&associates;JKHY
jacobs engineering;J
jb hunt;JBHT
jm smucker;SJM
johnson controls;JCI
jpmorgan;JPM
juniper;JNPR
kellogg;K
keycorp;KEY
keysight technologies;KEYS
kimberly-clark;KMB
kimco;KIM
kinder morgan;KMI
kla corp;KLAC
kraft heinz;KHC
kroger;KR
l3harris technologies;LHX
laboratory america;LH
lam research;LRCX
lamb weston holdings;LW
las vegas sands;LVS
leidos;LDOS
lennar;LEN
lincoln national;LNC
linde plc;LIN
live nation entertainment;LYV
lkq;LKQ
lockheed martin;LMT
loews;L
lowe?s;LOW
lumen technologies;LUMN
lyondellbasell industries;LYB
m&t bank;MTB
marathon oil;MRO
marathon petroleum;MPC
marketaxesss;MKTX
marriott int;MAR
marsh mclennan;MMC
martin marietta materials;MLM
masco;MAS
mastercard;MA
match group;MTCH
mccormick&co;MKC
mcdonald?s;MCD
mckesson;MCK
medtronic;MDT
merck&co;MRK
meta platforms;META
metlife;MET
mettler-toledo;MTD
mgm;MGM
microchip;MCHP
micron;MU
microsoft;MSFT
mid-america apartment;MAA
moderna;MRNA
mohawk industries;MHK
molina healthcare;MOH
molson coors brewing b;TAP
mondelez;MDLZ
monolithic;MPWR
monster beverage;MNST
moody?s;MCO
morgan stanley;MS
mosaic;MOS
motorola;MSI
msci;MSCI
nasdaq inc;NDAQ
netapp;NTAP
netflix;NFLX
newell brands;NWL
newmont goldcorp;NEM
news corp;NWSA
news corp a;NWS
nextera energy;NEE
nike;NKE
nisource;NI
nordson;NDSN
norfolk southern;NSC
northern trust;NTRS
northrop grumman;NOC
nortonlifelock inc;NLOK
norwegian cruise line;NCLH
nrg;NRG
nucor;NUE
nvidia;NVDA
nvr;NVR
nxp;NXPI
occidental;OXY
old dominion freight line;ODFL
omnicom;OMC
oneok;OKE
oracle;ORCL
organon co;OGN
otis worldwide;OTIS
o?reilly automotive;ORLY
paccar;PCAR
packaging america;PKG
paramount global b;PARA
parker-hannifin;PH
paychex;PAYX
paycom soft;PAYC
paypal holdings inc;PYPL
penn entertainment;PENN
pentair;PNR
pepsico;PEP
perkinelmer;PKI
pfizer;PFE
philip morris;PM
phillips 66;PSX
pinnacle west;PNW
pioneer natural;PXD
pnc financial;PNC
pool;POOL
ppg industries;PPG
ppl;PPL
principal financial;PFG
procter&gamble;PG
progressive;PGR
prologis;PLD
prudential financial;PRU
ptc;PTC
public service enterprise;PEG
public storage;PSA
pultegroup;PHM
pvh;PVH
qorvo inc;QRVO
qualcomm;QCOM
quanta services;PWR
quest diagnostics;DGX
ralph lauren a;RL
raymond james financial;RJF
raytheon technologies;RTX
realty income;O
regency centers;REG
regeneron pharma;REGN
regions financial;RF
republic services;RSG
resmed;RMD
robert half;RHI
rockwell automation;ROK
rollins;ROL
roper technologies;ROP
ross stores;ROST
royal caribbean cruises;RCL
s&p global;SPGI
salesforce inc;CRM
sba communications;SBAC
schlumberger;SLB
seagate;STX
sealed air;SEE
sempra energy;SRE
servicenow inc;NOW
sherwin-williams;SHW
signature bank;SBNY
simon property;SPG
skyworks;SWKS
snap-on;SNA
solaredge technologies inc;SEDG
southern;SO
southwest airlines;LUV
stanley black decker;SWK
starbucks;SBUX
state street;STT
steris;STE
stryker;SYK
svb;SIVB
synchrony financial;SYF
synopsys;SNPS
sysco;SYY
t rowe;TROW
t-mobile us;TTWO
take-two;TTWO
tapestry;TPR
target;TGT
te connectivity;TEL
teledyne technologies;TDY
teleflex;TFX
teradyne;TER
tesla;TSLA
texas instruments;TXN
textron;TXT
the aes;AES
thermo fisher scientific;TMO
tjx;TJX
tractor supply;TSCO
trane technologies;TT
transdigm;TDG
travelers;TRV
trimble;TRMB
truist financial corp;TFC
twitter inc;TWTR
tyler technologies;TYL
tyson foods;TSN
u.s. bancorp;USB
udr;UDR
ulta beauty;ULTA
under armour a;UAA
under armour c;UA
union pacific;UNP
united airlines holdings;UAL
united parcel service;UPS
united rentals;URI
unitedhealth;UNH
universal health services;UHS
valero energy;VLO
ventas;VTR
verisign;VRSN
verisk;VRSK
verizon;VZ
vertex;VRTX
vf;VFC
viatris;VTRS
visa a;V
vornado;VNO
vulcan materials;VMC
walgreens boots;WBA
walmart;WMT
walt disney;DIS
warner bros discovery;WBD
waste management;WM
waters;WAT
wec energy;WEC
wells fargo&co;WFC
welltower;WELL
west pharmaceutical services;WST
western digital;WDC
westinghouse air brake;WAB
westrock co;WRK
weyerhaeuser;WY
whirlpool;WHR
williams;WMB
willis towers watson;WTW
wr berkley;WRB
ww grainger;XEL
wynn resorts;WYNN
xcel energy;XEL
xylem;XYL
yum! brands;YUM
zebra;ZBRA
zimmer biomet;ZBH
zions;ZION
zoetis inc;ZTS
